{
  "n_registros": 210,
  "suma_asegurada_usd": 64906578.56720734,
  "prima_usd": 2132682.776734843,
  "st_pagado_usd": 694339.2862673484,
  "rsp_usd": 42073.84067932798,
  "hyg_usd": 66896.15136107193,
  "siniestros_totales_usd": 803309.2783077484,
  "resultado_tecnico_usd": 1329373.4984270947,
  "loss_ratio_global": 0.3766660879296931,
  "loss_cost_global": 0.012376392286275944
}